iso3,dhsmics
AFG,badakhshan
AFG,badghis
AFG,baghlan
AFG,balkh
AFG,bamyan
AFG,daykundi
AFG,farah
AFG,faryab
AFG,ghazni
AFG,ghor
AFG,helmand
AFG,herat
AFG,jawzjan
AFG,kabul
AFG,kandahar
AFG,kapisa
AFG,khost
AFG,kunarha
AFG,kunduz
AFG,laghman
AFG,logar
AFG,nangarhar
AFG,nimroz
AFG,nooristan
AFG,paktika
AFG,paktya
AFG,panjsher
AFG,parwan
AFG,samangan
AFG,sar-e-pul
AFG,takhar
AFG,urozgan
AFG,wardak
AFG,zabul
AFG,badakhshan rural
AFG,badghis rural
AFG,baghlan rural
AFG,balkh rural
AFG,bamyan rural
AFG,daykundi rural
AFG,farah rural
AFG,faryab rural
AFG,ghazni rural
AFG,ghor rural
AFG,helmand rural
AFG,herat rural
AFG,jawzjan rural
AFG,kabul rural
AFG,kandahar rural
AFG,kapisa rural
AFG,khost rural
AFG,kunarha rural
AFG,kunduz rural
AFG,laghman rural
AFG,logar rural
AFG,nangarhar rural
AFG,nimroz rural
AFG,nooristan rural
AFG,paktika rural
AFG,paktya rural
AFG,panjsher rural
AFG,parwan rural
AFG,samangan rural
AFG,sar-e-pul rural
AFG,takhar rural
AFG,urozgan rural
AFG,wardak rural
AFG,badakhshan urban
AFG,badghis urban
AFG,baghlan urban
AFG,balkh urban
AFG,bamyan urban
AFG,daykundi urban
AFG,farah urban
AFG,faryab urban
AFG,ghazni urban
AFG,ghor urban
AFG,helmand urban
AFG,herat urban
AFG,jawzjan urban
AFG,kabul urban
AFG,kandahar urban
AFG,kapisa urban
AFG,khost urban
AFG,kunarha urban
AFG,kunduz urban
AFG,laghman urban
AFG,logar urban
AFG,nangarhar urban
AFG,nimroz urban
AFG,paktya urban
AFG,parwan urban
AFG,samangan urban
AFG,sar-e-pul urban
AFG,takhar urban
AFG,urozgan urban
AFG,wardak urban
AFG,zabul urban
ALB,berat
ALB,diber
ALB,durres
ALB,elbasan
ALB,fier
ALB,gjirokaster
ALB,korce
ALB,kukes
ALB,lezhe
ALB,shkoder
ALB,tirane
ALB,vlore
ALB,berat rural
ALB,diber rural
ALB,durres rural
ALB,elbasan rural
ALB,fier rural
ALB,gjirokaster rural
ALB,korce rural
ALB,kukes rural
ALB,lezhe rural
ALB,shkoder rural
ALB,tirane rural
ALB,vlore rural
ALB,berat urban
ALB,diber urban
ALB,durres urban
ALB,elbasan urban
ALB,fier urban
ALB,gjirokaster urban
ALB,korce urban
ALB,kukes urban
ALB,lezhe urban
ALB,shkoder urban
ALB,tirane urban
ALB,vlore urban
AGO,bengo
AGO,benguela
AGO,bié
AGO,cabinda
AGO,cuando cubango
AGO,cuanza norte
AGO,cuanza sul
AGO,cunene
AGO,huambo
AGO,huíla
AGO,luanda
AGO,lunda norte
AGO,lunda sul
AGO,malanje
AGO,moxico
AGO,namibe
AGO,uíge
AGO,zaire
AGO,bengo rural
AGO,benguela rural
AGO,bié rural
AGO,cabinda rural
AGO,cuando cubango rural
AGO,cuanza norte rural
AGO,cuanza sul rural
AGO,cunene rural
AGO,huambo rural
AGO,huíla rural
AGO,luanda rural
AGO,lunda norte rural
AGO,lunda sul rural
AGO,malanje rural
AGO,moxico rural
AGO,namibe rural
AGO,uíge rural
AGO,zaire rural
AGO,bengo urban
AGO,benguela urban
AGO,bié urban
AGO,cabinda urban
AGO,cuando cubango urban
AGO,cuanza norte urban
AGO,cuanza sul urban
AGO,cunene urban
AGO,huambo urban
AGO,huíla urban
AGO,luanda urban
AGO,lunda norte urban
AGO,lunda sul urban
AGO,malanje urban
AGO,moxico urban
AGO,namibe urban
AGO,uíge urban
AGO,zaire urban
ARM,aragatsotn
ARM,ararat
ARM,armavir
ARM,gegharkunik
ARM,kotayk
ARM,lori
ARM,shirak
ARM,syunik
ARM,tavush
ARM,vayots dzor
ARM,yerevan
ARM,aragatsotn rural
ARM,ararat rural
ARM,armavir rural
ARM,gegharkunik rural
ARM,kotayk rural
ARM,lori rural
ARM,shirak rural
ARM,syunik rural
ARM,tavush rural
ARM,vayots dzor rural
ARM,aragatsotn urban
ARM,ararat urban
ARM,armavir urban
ARM,gegharkunik urban
ARM,kotayk urban
ARM,lori urban
ARM,shirak urban
ARM,syunik urban
ARM,tavush urban
ARM,vayots dzor urban
ARM,yerevan urban
BGD,Barishal
BGD,Chattogram
BGD,Dhaka
BGD,Khulna
BGD,Mymenshing
BGD,Rajshahi
BGD,Rangpur
BGD,Sylhet
BGD,Barishal urban
BGD,Chattogram urban
BGD,Dhaka urban
BGD,Khulna urban
BGD,Mymenshing urban
BGD,Rajshahi urban
BGD,Rangpur urban
BGD,Sylhet urban
BGD,Barishal rural
BGD,Chattogram rural
BGD,Dhaka rural
BGD,Khulna rural
BGD,Mymenshing rural
BGD,Rajshahi rural
BGD,Rangpur rural
BGD,Sylhet rural
BEN,alibori
BEN,atacora
BEN,atlantic
BEN,borgou
BEN,collines
BEN,couffo
BEN,donga
BEN,littoral
BEN,mono
BEN,ouémé
BEN,plateau
BEN,zou
BEN,alibori rural
BEN,atacora rural
BEN,atlantic rural
BEN,borgou rural
BEN,collines rural
BEN,couffo rural
BEN,donga rural
BEN,mono rural
BEN,ouémé rural
BEN,plateau rural
BEN,zou rural
BEN,alibori urban
BEN,atacora urban
BEN,atlantic urban
BEN,borgou urban
BEN,collines urban
BEN,couffo urban
BEN,donga urban
BEN,littoral urban
BEN,mono urban
BEN,ouémé urban
BEN,plateau urban
BEN,zou urban
BFA,Boucle de Mouhoun
BFA,Cascades
BFA,Centre
BFA,Centre-Est
BFA,Centre-Nord
BFA,Centre-Ouest
BFA,Centre-Sud
BFA,Est
BFA,Hauts Basins
BFA,Nord
BFA,Plateau Central
BFA,Sahel
BFA,Sud-Ouest
BFA,Boucle de Mouhoun rural
BFA,Cascades rural
BFA,Centre rural
BFA,Centre-Est rural
BFA,Centre-Nord rural
BFA,Centre-Ouest rural
BFA,Centre-Sud rural
BFA,Est rural
BFA,Hauts Basins rural
BFA,Nord rural
BFA,Plateau Central rural
BFA,Sahel rural
BFA,Sud-Ouest rural
BFA,Boucle de Mouhoun urban
BFA,Cascades urban
BFA,Centre urban
BFA,Centre-Est urban
BFA,Centre-Nord urban
BFA,Centre-Ouest urban
BFA,Centre-Sud urban
BFA,Est urban
BFA,Hauts Basins urban
BFA,Nord urban
BFA,Plateau Central urban
BFA,Sahel urban
BFA,Sud-Ouest urban
BDI,bubanza
BDI,bujumbura mairie
BDI,bujumbura rural
BDI,bururi
BDI,cankuzo
BDI,cibitoke
BDI,gitega
BDI,karusi
BDI,kayanza
BDI,kirundo
BDI,makamba
BDI,muramvya
BDI,muyinga
BDI,mwaro
BDI,ngozi
BDI,rumonge
BDI,rutana
BDI,ruyigi
BDI,bubanza rural
BDI,bujumbura rural rural
BDI,bururi rural
BDI,cankuzo rural
BDI,cibitoke rural
BDI,gitega rural
BDI,karusi rural
BDI,kayanza rural
BDI,kirundo rural
BDI,makamba rural
BDI,muramvya rural
BDI,muyinga rural
BDI,mwaro rural
BDI,ngozi rural
BDI,rumonge rural
BDI,rutana rural
BDI,ruyigi rural
BDI,bubanza urban
BDI,bujumbura mairie urban
BDI,bujumbura rural urban
BDI,bururi urban
BDI,cankuzo urban
BDI,cibitoke urban
BDI,gitega urban
BDI,karusi urban
BDI,kayanza urban
BDI,kirundo urban
BDI,makamba urban
BDI,muramvya urban
BDI,muyinga urban
BDI,mwaro urban
BDI,ngozi urban
BDI,rumonge urban
BDI,rutana urban
BDI,ruyigi urban
CMR,adamawa
CMR,centre (without yaounde)
CMR,douala
CMR,east
CMR,far-north
CMR,littoral (without douala)
CMR,north
CMR,north-west
CMR,south
CMR,south-west
CMR,west
CMR,yaounde
CMR,adamawa rural
CMR,centre (without yaounde) rural
CMR,east rural
CMR,far-north rural
CMR,littoral (without douala) rural
CMR,north rural
CMR,north-west rural
CMR,south rural
CMR,west rural
CMR,adamawa urban
CMR,centre (without yaounde) urban
CMR,douala urban
CMR,east urban
CMR,far-north urban
CMR,littoral (without douala) urban
CMR,north urban
CMR,north-west urban
CMR,south urban
CMR,south-west urban
CMR,west urban
CMR,yaounde urban
TCD,barh el gazal
TCD,batha
TCD,borkou/tibesti
TCD,chari baguirmi
TCD,ennedi
TCD,guéra
TCD,hadjer-lamis
TCD,kanem
TCD,lac
TCD,logone occidental
TCD,logone oriental
TCD,mandoul
TCD,mayo kebbi est
TCD,mayo kebbi ouest
TCD,moyen chari
TCD,n'djaména
TCD,ouaddaï
TCD,salamat
TCD,sila
TCD,tandjilé
TCD,wadi fira
TCD,barh el gazal rural
TCD,batha rural
TCD,borkou/tibesti rural
TCD,chari baguirmi rural
TCD,ennedi rural
TCD,guéra rural
TCD,hadjer-lamis rural
TCD,kanem rural
TCD,lac rural
TCD,logone occidental rural
TCD,logone oriental rural
TCD,mandoul rural
TCD,mayo kebbi est rural
TCD,mayo kebbi ouest rural
TCD,moyen chari rural
TCD,ouaddaï rural
TCD,salamat rural
TCD,sila rural
TCD,tandjilé rural
TCD,wadi fira rural
TCD,barh el gazal urban
TCD,batha urban
TCD,borkou/tibesti urban
TCD,chari baguirmi urban
TCD,ennedi urban
TCD,guéra urban
TCD,hadjer-lamis urban
TCD,kanem urban
TCD,lac urban
TCD,logone occidental urban
TCD,logone oriental urban
TCD,mandoul urban
TCD,mayo kebbi est urban
TCD,mayo kebbi ouest urban
TCD,moyen chari urban
TCD,n'djaména urban
TCD,ouaddaï urban
TCD,salamat urban
TCD,sila urban
TCD,tandjilé urban
TCD,wadi fira urban
COL,atlantica
COL,bogota
COL,central
COL,oriental
COL,orinoquia/amazonia
COL,pacifica
COL,atlantica rural
COL,bogota rural
COL,central rural
COL,oriental rural
COL,orinoquia/amazonia rural
COL,pacifica rural
COL,atlantica urban
COL,bogota urban
COL,central urban
COL,oriental urban
COL,orinoquia/amazonia urban
COL,pacifica urban
COM,Mohéli
COM,Ndzouani
COM,Ngazidja
COM,Mohéli rural
COM,Ndzouani rural
COM,Ngazidja rural
COM,Mohéli urban
COM,Ndzouani urban
COM,Ngazidja urban
COD,Kinshasa
COD,Kongo Central
COD,Kwango
COD,Kwilu
COD,Maindombe
COD,Equateur
COD,Sud Ubangi
COD,Nord Ubangi
COD,Mongala
COD,Tshuapa
COD,Tshopo
COD,Bas Uele
COD,Haut Uele
COD,Ituri
COD,Nord Kivu
COD,Sud Kivu
COD,Maniema
COD,Haut Katanga
COD,Lualaba
COD,Haut Lomami
COD,Tanganyika
COD,Lomami
COD,Kasai Oriental
COD,Sankuru
COD,Kasai Central
COD,Kasai
COD,Kinshasa urban
COD,Kongo Central urban
COD,Kwango urban
COD,Kwilu urban
COD,Maindombe urban
COD,Equateur urban
COD,Sud Ubangi urban
COD,Nord Ubangi urban
COD,Mongala urban
COD,Tshuapa urban
COD,Tshopo urban
COD,Bas Uele urban
COD,Haut Uele urban
COD,Ituri urban
COD,Nord Kivu urban
COD,Sud Kivu urban
COD,Maniema urban
COD,Haut Katanga urban
COD,Lualaba urban
COD,Haut Lomami urban
COD,Tanganyika urban
COD,Lomami urban
COD,Kasai Oriental urban
COD,Sankuru urban
COD,Kasai Central urban
COD,Kasai urban
COD,Kongo Central rural
COD,Kwango rural
COD,Kwilu rural
COD,Maindombe rural
COD,Equateur rural
COD,Sud Ubangi rural
COD,Nord Ubangi rural
COD,Mongala rural
COD,Tshuapa rural
COD,Tshopo rural
COD,Bas Uele rural
COD,Haut Uele rural
COD,Ituri rural
COD,Nord Kivu rural
COD,Sud Kivu rural
COD,Maniema rural
COD,Haut Katanga rural
COD,Lualaba rural
COD,Haut Lomami rural
COD,Tanganyika rural
COD,Lomami rural
COD,Kasai Oriental rural
COD,Sankuru rural
COD,Kasai Central rural
COD,Kasai rural
CIV,centre
CIV,centre-est
CIV,centre-nord
CIV,centre-ouest
CIV,nord
CIV,nord-est
CIV,nord-ouest
CIV,ouest
CIV,sud sans abidjan
CIV,sud-ouest
CIV,ville d'abidjan
CIV,centre rural
CIV,centre-est rural
CIV,centre-nord rural
CIV,centre-ouest rural
CIV,nord rural
CIV,nord-est rural
CIV,nord-ouest rural
CIV,ouest rural
CIV,sud sans abidjan rural
CIV,sud-ouest rural
CIV,centre urban
CIV,centre-est urban
CIV,centre-nord urban
CIV,centre-ouest urban
CIV,nord urban
CIV,nord-est urban
CIV,nord-ouest urban
CIV,ouest urban
CIV,sud sans abidjan urban
CIV,sud-ouest urban
CIV,ville d'abidjan urban
DOM,Cibao Norte
DOM,Cibao Sur
DOM,Cibao Nordeste
DOM,Cibao Noroeste
DOM,Valdesia
DOM,Enriquillo
DOM,El Valle
DOM,Del Yuma
DOM,Higuamo
DOM,Metropolitana
DOM,Cibao Norte urban
DOM,Cibao Sur urban
DOM,Cibao Nordeste urban
DOM,Cibao Noroeste urban
DOM,Valdesia urban
DOM,Enriquillo urban
DOM,El Valle urban
DOM,Del Yuma urban
DOM,Higuamo urban
DOM,Metropolitana urban
DOM,Cibao Norte rural
DOM,Cibao Sur rural
DOM,Cibao Nordeste rural
DOM,Cibao Noroeste rural
DOM,Valdesia rural
DOM,Enriquillo rural
DOM,El Valle rural
DOM,Del Yuma rural
DOM,Higuamo rural
DOM,Metropolitana rural
EGY,..le rural
EGY,..le urban
EGY,..ue rural
EGY,..ue urban
EGY,frontier governorates
EGY,urban governorates
EGY,..le rural rural
EGY,..ue rural rural
EGY,frontier governorates rural
EGY,urban governorates rural
EGY,..le urban urban
EGY,..ue urban urban
EGY,frontier governorates urban
EGY,urban governorates urban
ETH,addis adaba
ETH,afar
ETH,amhara
ETH,benishangul
ETH,dire dawa
ETH,gambela
ETH,harari
ETH,oromia
ETH,snnpr
ETH,somali
ETH,tigray
ETH,afar rural
ETH,amhara rural
ETH,benishangul rural
ETH,dire dawa rural
ETH,gambela rural
ETH,harari rural
ETH,oromia rural
ETH,snnpr rural
ETH,somali rural
ETH,tigray rural
ETH,addis adaba urban
ETH,afar urban
ETH,amhara urban
ETH,benishangul urban
ETH,dire dawa urban
ETH,gambela urban
ETH,harari urban
ETH,oromia urban
ETH,snnpr urban
ETH,somali urban
ETH,tigray urban
GMB,Banjul
GMB,Basse
GMB,Brikama
GMB,Janjanbureh
GMB,Kanifing
GMB,Kerewan
GMB,Kuntaur
GMB,Mansakonko
GMB,Basse rural
GMB,Brikama rural
GMB,Janjanbureh rural
GMB,Kerewan rural
GMB,Kuntaur rural
GMB,Mansakonko rural
GMB,Banjul urban
GMB,Basse urban
GMB,Brikama urban
GMB,Janjanbureh urban
GMB,Kanifing urban
GMB,Kerewan urban
GMB,Kuntaur urban
GMB,Mansakonko urban
GHA,ashanti
GHA,brong ahafo
GHA,central
GHA,eastern
GHA,greater accra
GHA,northern
GHA,upper east
GHA,upper west
GHA,volta
GHA,western
GHA,ashanti rural
GHA,brong ahafo rural
GHA,central rural
GHA,eastern rural
GHA,greater accra rural
GHA,northern rural
GHA,upper east rural
GHA,upper west rural
GHA,volta rural
GHA,western rural
GHA,ashanti urban
GHA,brong ahafo urban
GHA,central urban
GHA,eastern urban
GHA,greater accra urban
GHA,northern urban
GHA,upper east urban
GHA,upper west urban
GHA,volta urban
GHA,western urban
GTM,central
GTM,metropolitana
GTM,noroccidente
GTM,nororiente
GTM,norte
GTM,petén
GTM,suroccidente
GTM,suroriente
GTM,central rural
GTM,metropolitana rural
GTM,noroccidente rural
GTM,nororiente rural
GTM,norte rural
GTM,petén rural
GTM,suroccidente rural
GTM,suroriente rural
GTM,central urban
GTM,metropolitana urban
GTM,noroccidente urban
GTM,nororiente urban
GTM,norte urban
GTM,petén urban
GTM,suroccidente urban
GTM,suroriente urban
GIN,boké
GIN,conakry
GIN,faranah
GIN,kankan
GIN,kindia
GIN,labé
GIN,mamou
GIN,n'zérékoré
GIN,boké rural
GIN,faranah rural
GIN,kankan rural
GIN,kindia rural
GIN,labé rural
GIN,mamou rural
GIN,n'zérékoré rural
GIN,boké urban
GIN,conakry urban
GIN,faranah urban
GIN,kankan urban
GIN,kindia urban
GIN,labé urban
GIN,mamou urban
GIN,n'zérékoré urban
HTI,aire metropolitaine
HTI,artibonite
HTI,centre
HTI,grand'anse
HTI,nippes
HTI,nord
HTI,nord-est
HTI,nord-ouest
HTI,rest-ouest
HTI,sud
HTI,sud-est
HTI,artibonite rural
HTI,centre rural
HTI,grand'anse rural
HTI,nippes rural
HTI,nord rural
HTI,nord-est rural
HTI,nord-ouest rural
HTI,rest-ouest rural
HTI,sud rural
HTI,sud-est rural
HTI,aire metropolitaine urban
HTI,artibonite urban
HTI,centre urban
HTI,grand'anse urban
HTI,nippes urban
HTI,nord urban
HTI,nord-est urban
HTI,nord-ouest urban
HTI,rest-ouest urban
HTI,sud urban
HTI,sud-est urban
HND,Atl?ntida
HND,Choluteca
HND,Col?n
HND,Comayagua
HND,Cop?n
HND,Cort?s
HND,El Para?so
HND,Francisco Moraz?n
HND,Gracias a Dios
HND,Intibuc?
HND,Islas de la Bah?a
HND,La Paz
HND,Lempira
HND,Ocotepeque
HND,Olancho
HND,Santa B?rbara
HND,Valle
HND,Yoro
HND,Atl?ntida rural
HND,Choluteca rural
HND,Col?n rural
HND,Comayagua rural
HND,Cop?n rural
HND,Cort?s rural
HND,El Para?so rural
HND,Francisco Moraz?n rural
HND,Gracias a Dios rural
HND,Intibuc? rural
HND,Islas de la Bah?a rural
HND,La Paz rural
HND,Lempira rural
HND,Ocotepeque rural
HND,Olancho rural
HND,Santa B?rbara rural
HND,Valle rural
HND,Yoro rural
HND,Atl?ntida urban
HND,Choluteca urban
HND,Col?n urban
HND,Comayagua urban
HND,Cop?n urban
HND,Cort?s urban
HND,El Para?so urban
HND,Francisco Moraz?n urban
HND,Gracias a Dios urban
HND,Intibuc? urban
HND,Islas de la Bah?a urban
HND,La Paz urban
HND,Lempira urban
HND,Ocotepeque urban
HND,Olancho urban
HND,Santa B?rbara urban
HND,Valle urban
HND,Yoro urban
IDN,aceh
IDN,bali
IDN,bangka belitung
IDN,banten
IDN,bengkulu
IDN,central java
IDN,central kalimantan
IDN,central sulawesi
IDN,east java
IDN,east kalimantan
IDN,east nusa tenggara
IDN,gorontalo
IDN,jakarta
IDN,jambi
IDN,lampung
IDN,maluku
IDN,north kalimantan
IDN,north maluku
IDN,north sulawesi
IDN,north sumatera
IDN,papua
IDN,riau
IDN,riau islands
IDN,south kalimantan
IDN,south sulawesi
IDN,south sumatera
IDN,southeast sulawesi
IDN,west java
IDN,west kalimantan
IDN,west nusa tenggara
IDN,west papua
IDN,west sulawesi
IDN,west sumatera
IDN,yogyakarta
IDN,aceh rural
IDN,bali rural
IDN,bangka belitung rural
IDN,banten rural
IDN,bengkulu rural
IDN,central java rural
IDN,central kalimantan rural
IDN,central sulawesi rural
IDN,east java rural
IDN,east kalimantan rural
IDN,east nusa tenggara rural
IDN,gorontalo rural
IDN,jambi rural
IDN,lampung rural
IDN,maluku rural
IDN,north kalimantan rural
IDN,north maluku rural
IDN,north sulawesi rural
IDN,north sumatera rural
IDN,papua rural
IDN,riau rural
IDN,riau islands rural
IDN,south kalimantan rural
IDN,south sulawesi rural
IDN,south sumatera rural
IDN,southeast sulawesi rural
IDN,west java rural
IDN,west kalimantan rural
IDN,west nusa tenggara rural
IDN,west papua rural
IDN,west sulawesi rural
IDN,west sumatera rural
IDN,yogyakarta rural
IDN,aceh urban
IDN,bali urban
IDN,bangka belitung urban
IDN,banten urban
IDN,bengkulu urban
IDN,central java urban
IDN,central kalimantan urban
IDN,central sulawesi urban
IDN,east java urban
IDN,east kalimantan urban
IDN,east nusa tenggara urban
IDN,gorontalo urban
IDN,jakarta urban
IDN,jambi urban
IDN,lampung urban
IDN,maluku urban
IDN,north kalimantan urban
IDN,north maluku urban
IDN,north sulawesi urban
IDN,north sumatera urban
IDN,papua urban
IDN,riau urban
IDN,riau islands urban
IDN,south kalimantan urban
IDN,south sulawesi urban
IDN,south sumatera urban
IDN,southeast sulawesi urban
IDN,west java urban
IDN,west kalimantan urban
IDN,west nusa tenggara urban
IDN,west papua urban
IDN,west sulawesi urban
IDN,west sumatera urban
IDN,yogyakarta urban
JOR,aljoun
JOR,amman
JOR,aquaba
JOR,balqa
JOR,irbid
JOR,jerash
JOR,karak
JOR,maan
JOR,madaba
JOR,mafraq
JOR,tafilh
JOR,zarqua
JOR,aljoun rural
JOR,amman rural
JOR,aquaba rural
JOR,balqa rural
JOR,irbid rural
JOR,jerash rural
JOR,karak rural
JOR,maan rural
JOR,madaba rural
JOR,mafraq rural
JOR,tafilh rural
JOR,zarqua rural
JOR,aljoun urban
JOR,amman urban
JOR,aquaba urban
JOR,balqa urban
JOR,irbid urban
JOR,jerash urban
JOR,karak urban
JOR,maan urban
JOR,madaba urban
JOR,mafraq urban
JOR,tafilh urban
JOR,zarqua urban
KEN,central
KEN,coast
KEN,eastern
KEN,nairobi
KEN,north eastern
KEN,nyanza
KEN,rift valley
KEN,western
KEN,central rural
KEN,coast rural
KEN,eastern rural
KEN,north eastern rural
KEN,nyanza rural
KEN,rift valley rural
KEN,western rural
KEN,central urban
KEN,coast urban
KEN,eastern urban
KEN,nairobi urban
KEN,north eastern urban
KEN,nyanza urban
KEN,rift valley urban
KEN,western urban
LSO,Lowlands
LSO,Foothills
LSO,Mountains
LSO,Senqu river valley
LSO,Lowlands urban
LSO,Mountains urban
LSO,Senqu river valley urban
LSO,Lowlands rural
LSO,Foothills rural
LSO,Mountains rural
LSO,Senqu river valley rural
LBR,North Central
LBR,North Western
LBR,South Central
LBR,South Eastern A
LBR,South Eastern B
LBR,North Central rural
LBR,North Western rural
LBR,South Central rural
LBR,South Eastern A rural
LBR,South Eastern B rural
LBR,North Central urban
LBR,North Western urban
LBR,South Central urban
LBR,South Eastern A urban
LBR,South Eastern B urban
MWI,central region
MWI,northern region
MWI,southern region
MWI,central region rural
MWI,northern region rural
MWI,southern region rural
MWI,central region urban
MWI,northern region urban
MWI,southern region urban
MDV,central region
MDV,malé
MDV,north central
MDV,north region
MDV,south central
MDV,south region
MDV,central region rural
MDV,north central rural
MDV,north region rural
MDV,south central rural
MDV,south region rural
MDV,malé urban
MLI,bamako
MLI,gao
MLI,kayes
MLI,kidal
MLI,koulikoro
MLI,mopti
MLI,segou
MLI,sikasso
MLI,toumbouctou
MLI,gao rural
MLI,kayes rural
MLI,koulikoro rural
MLI,mopti rural
MLI,segou rural
MLI,sikasso rural
MLI,toumbouctou rural
MLI,bamako urban
MLI,gao urban
MLI,kayes urban
MLI,kidal urban
MLI,koulikoro urban
MLI,mopti urban
MLI,segou urban
MLI,sikasso urban
MLI,toumbouctou urban
MOZ,Cabo Delgado
MOZ,Gaza
MOZ,Inhambane
MOZ,Manica
MOZ,Maputo cidade
MOZ,Maputo provincia
MOZ,Nampula
MOZ,Niassa
MOZ,Sofala
MOZ,Tete
MOZ,Zambezia
MOZ,Cabo Delgado rural
MOZ,Gaza rural
MOZ,Inhambane rural
MOZ,Manica rural
MOZ,Maputo provincia rural
MOZ,Nampula rural
MOZ,Niassa rural
MOZ,Sofala rural
MOZ,Tete rural
MOZ,Zambezia rural
MOZ,Cabo Delgado urban
MOZ,Gaza urban
MOZ,Inhambane urban
MOZ,Manica urban
MOZ,Maputo cidade urban
MOZ,Maputo provincia urban
MOZ,Nampula urban
MOZ,Niassa urban
MOZ,Sofala urban
MOZ,Tete urban
MOZ,Zambezia urban
MMR,ayeyarwaddy
MMR,bago
MMR,chin
MMR,kachin
MMR,kayah
MMR,kayin
MMR,magway
MMR,mandalay
MMR,mon
MMR,naypyitaw
MMR,rakhine
MMR,sagaing
MMR,shan
MMR,taninthayi
MMR,yangon
MMR,ayeyarwaddy rural
MMR,bago rural
MMR,chin rural
MMR,kachin rural
MMR,kayah rural
MMR,kayin rural
MMR,magway rural
MMR,mandalay rural
MMR,mon rural
MMR,naypyitaw rural
MMR,rakhine rural
MMR,sagaing rural
MMR,shan rural
MMR,taninthayi rural
MMR,yangon rural
MMR,ayeyarwaddy urban
MMR,bago urban
MMR,chin urban
MMR,kachin urban
MMR,kayah urban
MMR,kayin urban
MMR,magway urban
MMR,mandalay urban
MMR,mon urban
MMR,naypyitaw urban
MMR,rakhine urban
MMR,sagaing urban
MMR,shan urban
MMR,taninthayi urban
MMR,yangon urban
NAM,caprivi
NAM,erongo
NAM,hardap
NAM,karas
NAM,kavango
NAM,khomas
NAM,kunene
NAM,ohangwena
NAM,omaheke
NAM,omusati
NAM,oshana
NAM,oshikoto
NAM,otjozondjupa
NAM,caprivi rural
NAM,erongo rural
NAM,hardap rural
NAM,karas rural
NAM,kavango rural
NAM,khomas rural
NAM,kunene rural
NAM,ohangwena rural
NAM,omaheke rural
NAM,omusati rural
NAM,oshana rural
NAM,oshikoto rural
NAM,otjozondjupa rural
NAM,caprivi urban
NAM,erongo urban
NAM,hardap urban
NAM,karas urban
NAM,kavango urban
NAM,khomas urban
NAM,kunene urban
NAM,ohangwena urban
NAM,omaheke urban
NAM,omusati urban
NAM,oshana urban
NAM,oshikoto urban
NAM,otjozondjupa urban
NPL,province 1
NPL,province 2
NPL,province 3
NPL,province 4
NPL,province 5
NPL,province 6
NPL,province 7
NPL,province 1 rural
NPL,province 2 rural
NPL,province 3 rural
NPL,province 4 rural
NPL,province 5 rural
NPL,province 6 rural
NPL,province 7 rural
NPL,province 1 urban
NPL,province 2 urban
NPL,province 3 urban
NPL,province 4 urban
NPL,province 5 urban
NPL,province 6 urban
NPL,province 7 urban
NER,Agadez
NER,Diffa
NER,Dosso
NER,Maradi
NER,Niamey
NER,Tahoua
NER,Tillaberi
NER,Zinder
NER,Agadez rural
NER,Diffa rural
NER,Dosso rural
NER,Maradi rural
NER,Tahoua rural
NER,Tillaberi rural
NER,Zinder rural
NER,Agadez urban
NER,Diffa urban
NER,Dosso urban
NER,Maradi urban
NER,Niamey urban
NER,Tahoua urban
NER,Tillaberi urban
NER,Zinder urban
NGA,north central
NGA,north east
NGA,north west
NGA,south east
NGA,south south
NGA,south west
NGA,north central rural
NGA,north east rural
NGA,north west rural
NGA,south east rural
NGA,south south rural
NGA,south west rural
NGA,north central urban
NGA,north east urban
NGA,north west urban
NGA,south east urban
NGA,south south urban
NGA,south west urban
PAK,ajk
PAK,balochistan
PAK,fata
PAK,gb
PAK,ict
PAK,kpk
PAK,punjab
PAK,sindh
PAK,ajk rural
PAK,balochistan rural
PAK,fata rural
PAK,gb rural
PAK,ict rural
PAK,kpk rural
PAK,punjab rural
PAK,sindh rural
PAK,ajk urban
PAK,balochistan urban
PAK,fata urban
PAK,gb urban
PAK,ict urban
PAK,kpk urban
PAK,punjab urban
PAK,sindh urban
PER,Amazonas
PER,Ancash
PER,Apurimac
PER,Arequipa
PER,Ayacucho
PER,Cajamarca
PER,Callao
PER,Cusco
PER,Huancavelica
PER,Huanuco
PER,Ica
PER,Junin
PER,La Libertad
PER,Lambayeque
PER,Lima
PER,Loreto
PER,Madre de Dios
PER,Moquegua
PER,Pasco
PER,Piura
PER,Puno
PER,San Martin
PER,Tacna
PER,Tumbes
PER,Ucayali
PER,Amazonas rural
PER,Ancash rural
PER,Apurimac rural
PER,Arequipa rural
PER,Ayacucho rural
PER,Cajamarca rural
PER,Cusco rural
PER,Huancavelica rural
PER,Huanuco rural
PER,Ica rural
PER,Junin rural
PER,La Libertad rural
PER,Lambayeque rural
PER,Lima rural
PER,Loreto rural
PER,Madre de Dios rural
PER,Moquegua rural
PER,Pasco rural
PER,Piura rural
PER,Puno rural
PER,San Martin rural
PER,Tacna rural
PER,Tumbes rural
PER,Ucayali rural
PER,Amazonas urban
PER,Ancash urban
PER,Apurimac urban
PER,Arequipa urban
PER,Ayacucho urban
PER,Cajamarca urban
PER,Callao urban
PER,Cusco urban
PER,Huancavelica urban
PER,Huanuco urban
PER,Ica urban
PER,Junin urban
PER,La Libertad urban
PER,Lambayeque urban
PER,Lima urban
PER,Loreto urban
PER,Madre de Dios urban
PER,Moquegua urban
PER,Pasco urban
PER,Piura urban
PER,Puno urban
PER,San Martin urban
PER,Tacna urban
PER,Tumbes urban
PER,Ucayali urban
PHL,autonomous region in muslim mindanao
PHL,bicol
PHL,cagayan valley
PHL,calabarzon
PHL,caraga
PHL,central luzon
PHL,central visayas
PHL,cordillera
PHL,davao
PHL,eastern visayas
PHL,ilocos
PHL,mimaropa
PHL,national capital
PHL,northern mindanao
PHL,soccsksargen
PHL,western visayas
PHL,zamboanga peninsula
PHL,autonomous region in muslim mindanao rural
PHL,bicol rural
PHL,cagayan valley rural
PHL,calabarzon rural
PHL,caraga rural
PHL,central luzon rural
PHL,central visayas rural
PHL,cordillera rural
PHL,davao rural
PHL,eastern visayas rural
PHL,ilocos rural
PHL,mimaropa rural
PHL,northern mindanao rural
PHL,soccsksargen rural
PHL,western visayas rural
PHL,zamboanga peninsula rural
PHL,autonomous region in muslim mindanao urban
PHL,bicol urban
PHL,cagayan valley urban
PHL,calabarzon urban
PHL,caraga urban
PHL,central luzon urban
PHL,central visayas urban
PHL,cordillera urban
PHL,davao urban
PHL,eastern visayas urban
PHL,ilocos urban
PHL,mimaropa urban
PHL,national capital urban
PHL,northern mindanao urban
PHL,soccsksargen urban
PHL,western visayas urban
PHL,zamboanga peninsula urban
RWA,east
RWA,kigali city
RWA,north
RWA,south
RWA,west
RWA,east rural
RWA,kigali city rural
RWA,north rural
RWA,south rural
RWA,west rural
RWA,east urban
RWA,kigali city urban
RWA,north urban
RWA,south urban
RWA,west urban
STP,RegiÃ£o Centro Este
STP,RegiÃ£o Norte Oeste
STP,RegiÃ£o Sul Este
STP,RegiÃ£o Autonoma de Principe
STP,RegiÃ£o Centro Este urban
STP,RegiÃ£o Norte Oeste urban
STP,RegiÃ£o Sul Este urban
STP,RegiÃ£o Autonoma de Principe urban
STP,RegiÃ£o Centro Este rural
STP,RegiÃ£o Norte Oeste rural
STP,RegiÃ£o Sul Este rural
STP,RegiÃ£o Autonoma de Principe rural
SLE,eastern
SLE,north western
SLE,northern
SLE,southern
SLE,western
SLE,eastern rural
SLE,north western rural
SLE,northern rural
SLE,southern rural
SLE,western rural
SLE,eastern urban
SLE,north western urban
SLE,northern urban
SLE,southern urban
SLE,western urban
ZAF,eastern cape
ZAF,free state
ZAF,gauteng
ZAF,kwazulu-natal
ZAF,limpopo
ZAF,mpumalanga
ZAF,north west
ZAF,northern cape
ZAF,western cape
ZAF,eastern cape rural
ZAF,free state rural
ZAF,gauteng rural
ZAF,kwazulu-natal rural
ZAF,limpopo rural
ZAF,mpumalanga rural
ZAF,north west rural
ZAF,northern cape rural
ZAF,western cape rural
ZAF,eastern cape urban
ZAF,free state urban
ZAF,gauteng urban
ZAF,kwazulu-natal urban
ZAF,limpopo urban
ZAF,mpumalanga urban
ZAF,north west urban
ZAF,northern cape urban
ZAF,western cape urban
TJK,drs
TJK,dushanbe
TJK,gbao
TJK,khatlon
TJK,sughd
TJK,drs rural
TJK,gbao rural
TJK,khatlon rural
TJK,sughd rural
TJK,drs urban
TJK,dushanbe urban
TJK,gbao urban
TJK,khatlon urban
TJK,sughd urban
TZA,arusha
TZA,dar es salaam
TZA,dodoma
TZA,geita
TZA,iringa
TZA,kagera
TZA,kaskazini pemba
TZA,kaskazini unguja
TZA,katavi
TZA,kigoma
TZA,kilimanjaro
TZA,kusini pemba
TZA,kusini unguja
TZA,lindi
TZA,manyara
TZA,mara
TZA,mbeya
TZA,mjini magharibi
TZA,morogoro
TZA,mtwara
TZA,mwanza
TZA,njombe
TZA,pwani
TZA,rukwa
TZA,ruvuma
TZA,shinyanga
TZA,simiyu
TZA,singida
TZA,tabora
TZA,tanga
TZA,arusha rural
TZA,dodoma rural
TZA,geita rural
TZA,iringa rural
TZA,kagera rural
TZA,kaskazini pemba rural
TZA,kaskazini unguja rural
TZA,katavi rural
TZA,kigoma rural
TZA,kilimanjaro rural
TZA,kusini pemba rural
TZA,kusini unguja rural
TZA,lindi rural
TZA,manyara rural
TZA,mara rural
TZA,mbeya rural
TZA,mjini magharibi rural
TZA,morogoro rural
TZA,mtwara rural
TZA,mwanza rural
TZA,njombe rural
TZA,pwani rural
TZA,rukwa rural
TZA,ruvuma rural
TZA,shinyanga rural
TZA,simiyu rural
TZA,singida rural
TZA,tabora rural
TZA,tanga rural
TZA,arusha urban
TZA,dar es salaam urban
TZA,dodoma urban
TZA,geita urban
TZA,iringa urban
TZA,kagera urban
TZA,kaskazini pemba urban
TZA,kaskazini unguja urban
TZA,katavi urban
TZA,kigoma urban
TZA,kilimanjaro urban
TZA,kusini pemba urban
TZA,kusini unguja urban
TZA,lindi urban
TZA,manyara urban
TZA,mara urban
TZA,mbeya urban
TZA,mjini magharibi urban
TZA,morogoro urban
TZA,mtwara urban
TZA,mwanza urban
TZA,njombe urban
TZA,pwani urban
TZA,rukwa urban
TZA,ruvuma urban
TZA,shinyanga urban
TZA,simiyu urban
TZA,singida urban
TZA,tabora urban
TZA,tanga urban
TLS,aileu
TLS,ainaro
TLS,baucau
TLS,bobonaro
TLS,covalima
TLS,dili
TLS,ermera
TLS,lautem
TLS,liquiçá
TLS,manatuto
TLS,manufahi
TLS,oecussi
TLS,viqueque
TLS,aileu rural
TLS,ainaro rural
TLS,baucau rural
TLS,bobonaro rural
TLS,covalima rural
TLS,dili rural
TLS,ermera rural
TLS,lautem rural
TLS,liquiçá rural
TLS,manatuto rural
TLS,manufahi rural
TLS,oecussi rural
TLS,viqueque rural
TLS,aileu urban
TLS,ainaro urban
TLS,baucau urban
TLS,bobonaro urban
TLS,covalima urban
TLS,dili urban
TLS,ermera urban
TLS,lautem urban
TLS,liquiçá urban
TLS,manatuto urban
TLS,manufahi urban
TLS,oecussi urban
TLS,viqueque urban
TGO,centrale
TGO,grande agglomération de lomé
TGO,kara
TGO,maritime (sans agglomération de lomé)
TGO,plateaux
TGO,savanes
TGO,centrale rural
TGO,kara rural
TGO,maritime (sans agglomération de lomé) rural
TGO,plateaux rural
TGO,savanes rural
TGO,centrale urban
TGO,grande agglomération de lomé urban
TGO,kara urban
TGO,maritime (sans agglomération de lomé) urban
TGO,plateaux urban
TGO,savanes urban
TUR,central
TUR,east
TUR,north
TUR,south
TUR,west
TUR,central rural
TUR,east rural
TUR,north rural
TUR,south rural
TUR,west rural
TUR,central urban
TUR,east urban
TUR,north urban
TUR,south urban
TUR,west urban
UGA,acholi
UGA,ankole
UGA,bugisu
UGA,bukedi
UGA,bunyoro
UGA,busoga
UGA,kampala
UGA,karamoja
UGA,kigezi
UGA,lango
UGA,north buganda
UGA,south buganda
UGA,teso
UGA,tooro
UGA,west nile
UGA,acholi rural
UGA,ankole rural
UGA,bugisu rural
UGA,bukedi rural
UGA,bunyoro rural
UGA,busoga rural
UGA,karamoja rural
UGA,kigezi rural
UGA,lango rural
UGA,north buganda rural
UGA,south buganda rural
UGA,teso rural
UGA,tooro rural
UGA,west nile rural
UGA,acholi urban
UGA,ankole urban
UGA,bugisu urban
UGA,bukedi urban
UGA,bunyoro urban
UGA,busoga urban
UGA,kampala urban
UGA,karamoja urban
UGA,kigezi urban
UGA,lango urban
UGA,north buganda urban
UGA,south buganda urban
UGA,teso urban
UGA,tooro urban
UGA,west nile urban
YEM,abyan
YEM,aden
YEM,al-baidha
YEM,al-hodiedah
YEM,al-jawf
YEM,al-mhrah
YEM,al-mhweit
YEM,aldhalae
YEM,amran
YEM,dhamar
YEM,hadramout
YEM,hajjah
YEM,ibb
YEM,lahj
YEM,mareb
YEM,reimah
YEM,sadah
YEM,sanaa
YEM,sanaa city
YEM,shabwah
YEM,taiz
YEM,abyan rural
YEM,al-baidha rural
YEM,al-hodiedah rural
YEM,al-jawf rural
YEM,al-mhrah rural
YEM,al-mhweit rural
YEM,aldhalae rural
YEM,amran rural
YEM,dhamar rural
YEM,hadramout rural
YEM,hajjah rural
YEM,ibb rural
YEM,lahj rural
YEM,mareb rural
YEM,reimah rural
YEM,sadah rural
YEM,sanaa rural
YEM,shabwah rural
YEM,taiz rural
YEM,abyan urban
YEM,aden urban
YEM,al-baidha urban
YEM,al-hodiedah urban
YEM,al-jawf urban
YEM,al-mhrah urban
YEM,al-mhweit urban
YEM,aldhalae urban
YEM,amran urban
YEM,dhamar urban
YEM,hadramout urban
YEM,hajjah urban
YEM,ibb urban
YEM,lahj urban
YEM,mareb urban
YEM,reimah urban
YEM,sadah urban
YEM,sanaa urban
YEM,sanaa city urban
YEM,shabwah urban
YEM,taiz urban
ZMB,central
ZMB,copperbelt
ZMB,eastern
ZMB,luapula
ZMB,lusaka
ZMB,muchinga
ZMB,north western
ZMB,northern
ZMB,southern
ZMB,western
ZMB,central rural
ZMB,copperbelt rural
ZMB,eastern rural
ZMB,luapula rural
ZMB,lusaka rural
ZMB,muchinga rural
ZMB,north western rural
ZMB,northern rural
ZMB,southern rural
ZMB,western rural
ZMB,central urban
ZMB,copperbelt urban
ZMB,eastern urban
ZMB,luapula urban
ZMB,lusaka urban
ZMB,muchinga urban
ZMB,north western urban
ZMB,northern urban
ZMB,southern urban
ZMB,western urban
ZWE,Bulawayo
ZWE,Manicaland
ZWE,Mashonaland Central
ZWE,Mashonaland East
ZWE,Mashonaland West
ZWE,Matabeleland North
ZWE,Matabeleland South
ZWE,Midlands
ZWE,Masvingo
ZWE,Harare
ZWE,Bulawayo urban
ZWE,Manicaland urban
ZWE,Mashonaland Central urban
ZWE,Mashonaland East urban
ZWE,Mashonaland West urban
ZWE,Matabeleland North urban
ZWE,Matabeleland South urban
ZWE,Midlands urban
ZWE,Masvingo urban
ZWE,Harare urban
ZWE,Manicaland rural
ZWE,Mashonaland Central rural
ZWE,Mashonaland East rural
ZWE,Mashonaland West rural
ZWE,Matabeleland North rural
ZWE,Matabeleland South rural
ZWE,Midlands rural
ZWE,Masvingo rural
ZWE,Harare rural
DZA,EPT 1 : Nord-Centre
DZA,EPT 2 : Nord-Est
DZA,EPT 3 : Nord-Ouest
DZA,EPT 4 : Hauts Plateaux-Centre.
DZA,EPT 5 : Hauts Plateaux-Est
DZA,EPT 6 : Hauts Plateaux-Ouest
DZA,EPT 7 : Sud
DZA,EPT 1 : Nord-Centre urban
DZA,EPT 2 : Nord-Est urban
DZA,EPT 3 : Nord-Ouest urban
DZA,EPT 4 : Hauts Plateaux-Centre. urban
DZA,EPT 5 : Hauts Plateaux-Est urban
DZA,EPT 6 : Hauts Plateaux-Ouest urban
DZA,EPT 7 : Sud urban
DZA,EPT 1 : Nord-Centre rural
DZA,EPT 2 : Nord-Est rural
DZA,EPT 3 : Nord-Ouest rural
DZA,EPT 4 : Hauts Plateaux-Centre. rural
DZA,EPT 5 : Hauts Plateaux-Est rural
DZA,EPT 6 : Hauts Plateaux-Ouest rural
DZA,EPT 7 : Sud rural
ARG,Gran Buenos Aires
ARG,NOA
ARG,NEA
ARG,Cuyo
ARG,Pampeana
ARG,Patagonia
ARG,Gran Buenos Aires urban
ARG,NOA urban
ARG,NEA urban
ARG,Cuyo urban
ARG,Pampeana urban
ARG,Patagonia urban
AZE,Binagadi
AZE,Garadagh
AZE,Azizbeyov
AZE,Sabail
AZE,Sabunchu
AZE,Surakhany
AZE,Narimanov
AZE,Nasimi
AZE,Nizami
AZE,Khatai
AZE,Yasamal
AZE,Sharur
AZE,Babek
AZE,Nakhchivan_duplicated_104
AZE,Julfa
AZE,Ordubad
AZE,Nizami_duplicated_201
AZE,Kepez
AZE,Gusar
AZE,Khachmaz
AZE,Guba
AZE,Devechi
AZE,Siyazan
AZE,Gobustan
AZE,Absheron
AZE,Sumgait
AZE,Balaken
AZE,Zagatala
AZE,Gakh
AZE,Sheki
AZE,Oguz
AZE,Gabala
AZE,Ismayilli
AZE,Geychay
AZE,Agsu
AZE,Samakhy
AZE,Gazakh
AZE,Agstafa
AZE,Tovuz
AZE,Shamkir
AZE,Gedabey
AZE,Dashkesen
AZE,Samux
AZE,Khanlar
AZE,Goranboy
AZE,Fizuli
AZE,Beylegan
AZE,Agjabedi
AZE,Agdam
AZE,Berde
AZE,Terter
AZE,Astara
AZE,Lankaran
AZE,Lerik
AZE,Yardymly
AZE,Masally
AZE,Jalilabad
AZE,Neftchala
AZE,Bilasuvar
AZE,Salyan
AZE,Yevlakh
AZE,Mingechevir
AZE,Agdash
AZE,Ujar
AZE,Zardab
AZE,Kurdamir
AZE,Imishli
AZE,Saatly
AZE,Sabirabad
AZE,Hajigabul
AZE,Ali-Bayramli
AZE,Binagadi urban
AZE,Garadagh urban
AZE,Azizbeyov urban
AZE,Sabail urban
AZE,Sabunchu urban
AZE,Surakhany urban
AZE,Narimanov urban
AZE,Nasimi urban
AZE,Nizami urban
AZE,Khatai urban
AZE,Yasamal urban
AZE,Babek urban
AZE,Nakhchivan_duplicated_104 urban
AZE,Nizami_duplicated_201 urban
AZE,Kepez urban
AZE,Gusar urban
AZE,Khachmaz urban
AZE,Devechi urban
AZE,Siyazan urban
AZE,Absheron urban
AZE,Sumgait urban
AZE,Zagatala urban
AZE,Gakh urban
AZE,Sheki urban
AZE,Ismayilli urban
AZE,Geychay urban
AZE,Samakhy urban
AZE,Agstafa urban
AZE,Shamkir urban
AZE,Gedabey urban
AZE,Khanlar urban
AZE,Goranboy urban
AZE,Beylegan urban
AZE,Agjabedi urban
AZE,Berde urban
AZE,Terter urban
AZE,Lankaran urban
AZE,Masally urban
AZE,Jalilabad urban
AZE,Neftchala urban
AZE,Bilasuvar urban
AZE,Salyan urban
AZE,Yevlakh urban
AZE,Mingechevir urban
AZE,Agdash urban
AZE,Zardab urban
AZE,Imishli urban
AZE,Saatly urban
AZE,Sabirabad urban
AZE,Ali-Bayramli urban
AZE,Sharur rural
AZE,Babek rural
AZE,Julfa rural
AZE,Ordubad rural
AZE,Gusar rural
AZE,Khachmaz rural
AZE,Guba rural
AZE,Devechi rural
AZE,Gobustan rural
AZE,Absheron rural
AZE,Balaken rural
AZE,Zagatala rural
AZE,Gakh rural
AZE,Sheki rural
AZE,Oguz rural
AZE,Gabala rural
AZE,Ismayilli rural
AZE,Geychay rural
AZE,Agsu rural
AZE,Samakhy rural
AZE,Gazakh rural
AZE,Agstafa rural
AZE,Tovuz rural
AZE,Shamkir rural
AZE,Gedabey rural
AZE,Dashkesen rural
AZE,Samux rural
AZE,Khanlar rural
AZE,Goranboy rural
AZE,Fizuli rural
AZE,Beylegan rural
AZE,Agjabedi rural
AZE,Agdam rural
AZE,Berde rural
AZE,Terter rural
AZE,Astara rural
AZE,Lankaran rural
AZE,Lerik rural
AZE,Yardymly rural
AZE,Masally rural
AZE,Jalilabad rural
AZE,Neftchala rural
AZE,Bilasuvar rural
AZE,Salyan rural
AZE,Yevlakh rural
AZE,Agdash rural
AZE,Ujar rural
AZE,Zardab rural
AZE,Kurdamir rural
AZE,Imishli rural
AZE,Saatly rural
AZE,Sabirabad rural
AZE,Hajigabul rural
BLR,Brest region
BLR,Vitebsk region
BLR,Gomel region
BLR,Grodno region
BLR,Minsk city
BLR,Minsk region
BLR,Mogilev region
BLR,Brest region urban
BLR,Vitebsk region urban
BLR,Gomel region urban
BLR,Grodno region urban
BLR,Minsk city urban
BLR,Minsk region urban
BLR,Mogilev region urban
BLR,Brest region rural
BLR,Vitebsk region rural
BLR,Gomel region rural
BLR,Grodno region rural
BLR,Minsk region rural
BLR,Mogilev region rural
BLZ,Corozal
BLZ,Orange Walk
BLZ,Belize (Excluding Belize City South Side)
BLZ,Belize City South SIde
BLZ,Cayo
BLZ,Stann Creek
BLZ,Toledo
BLZ,Corozal urban
BLZ,Orange Walk urban
BLZ,Belize (Excluding Belize City South Side) urban
BLZ,Belize City South SIde urban
BLZ,Cayo urban
BLZ,Stann Creek urban
BLZ,Toledo urban
BLZ,Corozal rural
BLZ,Orange Walk rural
BLZ,Belize (Excluding Belize City South Side) rural
BLZ,Cayo rural
BLZ,Stann Creek rural
BLZ,Toledo rural
BTN,Bumthang
BTN,Chukha
BTN,Dagana
BTN,Gasa
BTN,Haa
BTN,Lhuntse
BTN,Mongar
BTN,Paro
BTN,Pemagatshel
BTN,Punakha
BTN,Samdrup jongkhar
BTN,Samtse
BTN,Sarpang
BTN,Thimphu
BTN,Trashigang
BTN,Trashiyangtse
BTN,Trongsa
BTN,Tsirang
BTN,Wangdi
BTN,Zhemgang
BTN,Bumthang urban
BTN,Chukha urban
BTN,Dagana urban
BTN,Gasa urban
BTN,Haa urban
BTN,Lhuntse urban
BTN,Mongar urban
BTN,Paro urban
BTN,Pemagatshel urban
BTN,Punakha urban
BTN,Samdrup jongkhar urban
BTN,Samtse urban
BTN,Sarpang urban
BTN,Thimphu urban
BTN,Trashigang urban
BTN,Trashiyangtse urban
BTN,Trongsa urban
BTN,Tsirang urban
BTN,Wangdi urban
BTN,Zhemgang urban
BTN,Bumthang rural
BTN,Chukha rural
BTN,Dagana rural
BTN,Gasa rural
BTN,Haa rural
BTN,Lhuntse rural
BTN,Mongar rural
BTN,Paro rural
BTN,Pemagatshel rural
BTN,Punakha rural
BTN,Samdrup jongkhar rural
BTN,Samtse rural
BTN,Sarpang rural
BTN,Thimphu rural
BTN,Trashigang rural
BTN,Trashiyangtse rural
BTN,Trongsa rural
BTN,Tsirang rural
BTN,Wangdi rural
BTN,Zhemgang rural
BOL,Altiplano
BOL,Valle
BOL,Llano
BOL,Altiplano urban
BOL,Valle urban
BOL,Llano urban
BOL,Altiplano rural
BOL,Valle rural
BOL,Llano rural
BIH,FBiH
BIH,RS
BIH,BD
BIH,FBiH urban
BIH,RS urban
BIH,BD urban
BIH,FBiH rural
BIH,RS rural
BIH,BD rural
CAF,Ombella Mpoko
CAF,Lobaye
CAF,Mambere Kadei
CAF,Nana Mambéré
CAF,Sangha Mbaere
CAF,Ouham Pende
CAF,Ouham
CAF,Kémo
CAF,Nana Grebizi
CAF,Ouaka
CAF,Haute-Kotto
CAF,Baminigui Bangoran
CAF,Vakaga
CAF,Basse Kotto
CAF,Mbomou
CAF,Haut Mbomou
CAF,Bangui
CAF,Ombella Mpoko urban
CAF,Lobaye urban
CAF,Mambere Kadei urban
CAF,Nana Mambéré urban
CAF,Sangha Mbaere urban
CAF,Ouham Pende urban
CAF,Ouham urban
CAF,Kémo urban
CAF,Nana Grebizi urban
CAF,Ouaka urban
CAF,Haute-Kotto urban
CAF,Baminigui Bangoran urban
CAF,Basse Kotto urban
CAF,Mbomou urban
CAF,Haut Mbomou urban
CAF,Bangui urban
CAF,Ombella Mpoko rural
CAF,Lobaye rural
CAF,Mambere Kadei rural
CAF,Nana Mambéré rural
CAF,Sangha Mbaere rural
CAF,Ouham Pende rural
CAF,Ouham rural
CAF,Kémo rural
CAF,Nana Grebizi rural
CAF,Ouaka rural
CAF,Haute-Kotto rural
CAF,Baminigui Bangoran rural
CAF,Vakaga rural
CAF,Basse Kotto rural
CAF,Mbomou rural
CAF,Haut Mbomou rural
COG,KOUILOU
COG,NIARI
COG,LEKOUMOU
COG,BOUENZA
COG,POOL
COG,PLATEAUX
COG,CUVETTE
COG,CUVETTE OUEST
COG,SANGHA
COG,LIKOUALA
COG,BRAZZAVILLE
COG,POINTE-NOIRE
COG,NIARI urban
COG,BOUENZA urban
COG,SANGHA urban
COG,BRAZZAVILLE urban
COG,POINTE-NOIRE urban
COG,KOUILOU rural
COG,NIARI rural
COG,LEKOUMOU rural
COG,BOUENZA rural
COG,POOL rural
COG,PLATEAUX rural
COG,CUVETTE rural
COG,CUVETTE OUEST rural
COG,SANGHA rural
COG,LIKOUALA rural
CRI,San José
CRI,Alajuela
CRI,Cartago
CRI,Heredia
CRI,Guanacaste
CRI,Puntarenas
CRI,Limón
CRI,San José urban
CRI,Alajuela urban
CRI,Cartago urban
CRI,Heredia urban
CRI,Guanacaste urban
CRI,Puntarenas urban
CRI,Limón urban
CRI,San José rural
CRI,Alajuela rural
CRI,Cartago rural
CRI,Heredia rural
CRI,Guanacaste rural
CRI,Puntarenas rural
CRI,Limón rural
SLV,Occidente
SLV,Central
SLV,Metropolitana
SLV,Para Central
SLV,Oriental
SLV,Occidente urban
SLV,Central urban
SLV,Metropolitana urban
SLV,Para Central urban
SLV,Oriental urban
SLV,Occidente rural
SLV,Central rural
SLV,Metropolitana rural
SLV,Para Central rural
SLV,Oriental rural
GNQ,Annobon
GNQ,Bioko Norte
GNQ,Bioko Sur
GNQ,Centro Sur
GNQ,Kie  Ntem
GNQ,Litoral
GNQ,Wele Nzas
GNQ,Annobon urban
GNQ,Bioko Norte urban
GNQ,Bioko Sur urban
GNQ,Centro Sur urban
GNQ,Kie  Ntem urban
GNQ,Litoral urban
GNQ,Wele Nzas urban
GNQ,Annobon rural
GNQ,Bioko Norte rural
GNQ,Bioko Sur rural
GNQ,Centro Sur rural
GNQ,Kie  Ntem rural
GNQ,Litoral rural
GNQ,Wele Nzas rural
SWZ,Hhohho
SWZ,Manzini
SWZ,Shiselweni
SWZ,Lubombo
SWZ,Hhohho urban
SWZ,Manzini urban
SWZ,Shiselweni urban
SWZ,Lubombo urban
SWZ,Hhohho rural
SWZ,Manzini rural
SWZ,Shiselweni rural
SWZ,Lubombo rural
GEO,TBILISI
GEO,ADJARA A.R.
GEO,GURIA
GEO,IMERETI
GEO,KHAKHETI
GEO,MTKHETA-MTIANETI
GEO,SAMEGRELO-ZEMO SVANETI
GEO,SAMTSKHE-JAVAKHETI
GEO,KVEMO KARTLI
GEO,SHIDA KARTLI
GEO,TBILISI urban
GEO,ADJARA A.R. urban
GEO,GURIA urban
GEO,IMERETI urban
GEO,KHAKHETI urban
GEO,MTKHETA-MTIANETI urban
GEO,SAMEGRELO-ZEMO SVANETI urban
GEO,SAMTSKHE-JAVAKHETI urban
GEO,KVEMO KARTLI urban
GEO,SHIDA KARTLI urban
GEO,TBILISI rural
GEO,ADJARA A.R. rural
GEO,GURIA rural
GEO,IMERETI rural
GEO,KHAKHETI rural
GEO,MTKHETA-MTIANETI rural
GEO,SAMEGRELO-ZEMO SVANETI rural
GEO,SAMTSKHE-JAVAKHETI rural
GEO,KVEMO KARTLI rural
GEO,SHIDA KARTLI rural
GNB,Norte
GNB,Leste
GNB,Sul
GNB,SAB
GNB,Norte urban
GNB,Leste urban
GNB,Sul urban
GNB,SAB urban
GNB,Norte rural
GNB,Leste rural
GNB,Sul rural
GUY,Barima-Waini
GUY,Pomeroon-Supenaam
GUY,Essequibo Islands-West Demerara
GUY,Demerara-Mahaica
GUY,Mahaica-Berbice
GUY,East Berbice-Corentyne
GUY,Cuyuni-Mazaruni
GUY,Potaro-Siparuni
GUY,Upper Takutu-Upper Essequibo
GUY,Upper Demerara-Berbice
GUY,Pomeroon-Supenaam urban
GUY,Demerara-Mahaica urban
GUY,East Berbice-Corentyne urban
GUY,Upper Demerara-Berbice urban
GUY,Barima-Waini rural
GUY,Pomeroon-Supenaam rural
GUY,Essequibo Islands-West Demerara rural
GUY,Demerara-Mahaica rural
GUY,Mahaica-Berbice rural
GUY,East Berbice-Corentyne rural
GUY,Cuyuni-Mazaruni rural
GUY,Potaro-Siparuni rural
GUY,Upper Takutu-Upper Essequibo rural
GUY,Upper Demerara-Berbice rural
IRQ,DUHOK
IRQ,NAINAWA
IRQ,SULAIMANIYA
IRQ,KIRKUK
IRQ,ERBIL
IRQ,DIALA
IRQ,ANBAR
IRQ,BAGHDAD
IRQ,BABIL
IRQ,KARBALAH
IRQ,WASIT
IRQ,SALAHADDIN
IRQ,NAJAF
IRQ,QADISYAH
IRQ,MUTHANA
IRQ,THIQAR
IRQ,MISAN
IRQ,BASRAH
IRQ,DUHOK urban
IRQ,NAINAWA urban
IRQ,SULAIMANIYA urban
IRQ,KIRKUK urban
IRQ,ERBIL urban
IRQ,DIALA urban
IRQ,ANBAR urban
IRQ,BAGHDAD urban
IRQ,BABIL urban
IRQ,KARBALAH urban
IRQ,WASIT urban
IRQ,SALAHADDIN urban
IRQ,NAJAF urban
IRQ,QADISYAH urban
IRQ,MUTHANA urban
IRQ,THIQAR urban
IRQ,MISAN urban
IRQ,BASRAH urban
IRQ,DUHOK rural
IRQ,NAINAWA rural
IRQ,SULAIMANIYA rural
IRQ,KIRKUK rural
IRQ,ERBIL rural
IRQ,DIALA rural
IRQ,ANBAR rural
IRQ,BAGHDAD rural
IRQ,BABIL rural
IRQ,KARBALAH rural
IRQ,WASIT rural
IRQ,SALAHADDIN rural
IRQ,NAJAF rural
IRQ,QADISYAH rural
IRQ,MUTHANA rural
IRQ,THIQAR rural
IRQ,MISAN rural
IRQ,BASRAH rural
JAM,1
JAM,2
JAM,3
JAM,4
JAM,5
JAM,6
JAM,7
JAM,8
JAM,9
JAM,10
JAM,11
JAM,12
JAM,13
JAM,14
JAM,3 urban
JAM,4 urban
JAM,5 urban
JAM,6 urban
JAM,7 urban
JAM,8 urban
JAM,9 urban
JAM,10 urban
JAM,11 urban
JAM,12 urban
JAM,13 urban
JAM,14 urban
JAM,2 rural
JAM,3 rural
JAM,4 rural
JAM,5 rural
JAM,6 rural
JAM,7 rural
JAM,8 rural
JAM,9 rural
JAM,10 rural
JAM,11 rural
JAM,12 rural
JAM,13 rural
JAM,14 rural
JAM,1 kma
JAM,2 kma
JAM,14 kma
KAZ,Akmola
KAZ,Aktobe
KAZ,Almaty oblast
KAZ,Atyrau
KAZ,West Kazakhstan
KAZ,Zhambyl
KAZ,Karaganda
KAZ,Kostanai
KAZ,Kyzylorda
KAZ,Mangistau
KAZ,South Kasakhstan
KAZ,Pavlodar
KAZ,North Kazakhstan
KAZ,East Kazakhstan
KAZ,Astana City
KAZ,Almaty City
KAZ,Akmola urban
KAZ,Aktobe urban
KAZ,Almaty oblast urban
KAZ,Atyrau urban
KAZ,West Kazakhstan urban
KAZ,Zhambyl urban
KAZ,Karaganda urban
KAZ,Kostanai urban
KAZ,Kyzylorda urban
KAZ,Mangistau urban
KAZ,South Kasakhstan urban
KAZ,Pavlodar urban
KAZ,North Kazakhstan urban
KAZ,East Kazakhstan urban
KAZ,Astana City urban
KAZ,Almaty City urban
KAZ,Akmola rural
KAZ,Aktobe rural
KAZ,Almaty oblast rural
KAZ,Atyrau rural
KAZ,West Kazakhstan rural
KAZ,Zhambyl rural
KAZ,Karaganda rural
KAZ,Kostanai rural
KAZ,Kyzylorda rural
KAZ,Mangistau rural
KAZ,South Kasakhstan rural
KAZ,Pavlodar rural
KAZ,North Kazakhstan rural
KAZ,East Kazakhstan rural
KGZ,Batken
KGZ,Jalal-Abad
KGZ,Issyk-kul
KGZ,Naryn
KGZ,Osh
KGZ,Talas
KGZ,Chui
KGZ,Bishkek c
KGZ,Osh c
KGZ,Batken urban
KGZ,Jalal-Abad urban
KGZ,Issyk-kul urban
KGZ,Naryn urban
KGZ,Osh urban
KGZ,Talas urban
KGZ,Chui urban
KGZ,Bishkek c urban
KGZ,Osh c urban
KGZ,Batken rural
KGZ,Jalal-Abad rural
KGZ,Issyk-kul rural
KGZ,Naryn rural
KGZ,Osh rural
KGZ,Talas rural
KGZ,Chui rural
LAO,VIENTIANE CAPITAL
LAO,PHONGSALY
LAO,LUANGNAMTHA
LAO,OUDOMXAY
LAO,BOKEO
LAO,LUANGPRABANG
LAO,HUAPHANH
LAO,XAYABURY
LAO,XIENGKHUANG
LAO,VIENTIANE
LAO,BORIKHAMXAY
LAO,KHAMMUA
LAO,SAVANNAKHET
LAO,SARAVANE
LAO,SEKONG
LAO,CHAMPASACK
LAO,ATTAPEU
LAO,XAYSOMBOUNE
LAO,VIENTIANE CAPITAL urban
LAO,PHONGSALY urban
LAO,LUANGNAMTHA urban
LAO,OUDOMXAY urban
LAO,BOKEO urban
LAO,LUANGPRABANG urban
LAO,HUAPHANH urban
LAO,XAYABURY urban
LAO,XIENGKHUANG urban
LAO,VIENTIANE urban
LAO,BORIKHAMXAY urban
LAO,KHAMMUA urban
LAO,SAVANNAKHET urban
LAO,SARAVANE urban
LAO,SEKONG urban
LAO,CHAMPASACK urban
LAO,ATTAPEU urban
LAO,XAYSOMBOUNE urban
LAO,VIENTIANE CAPITAL rural
LAO,PHONGSALY rural
LAO,LUANGNAMTHA rural
LAO,OUDOMXAY rural
LAO,BOKEO rural
LAO,LUANGPRABANG rural
LAO,HUAPHANH rural
LAO,XAYABURY rural
LAO,XIENGKHUANG rural
LAO,VIENTIANE rural
LAO,BORIKHAMXAY rural
LAO,KHAMMUA rural
LAO,SAVANNAKHET rural
LAO,SARAVANE rural
LAO,SEKONG rural
LAO,CHAMPASACK rural
LAO,ATTAPEU rural
LAO,XAYSOMBOUNE rural
MDG,ANALAMANGA
MDG,VAKINANKARATRA
MDG,ITASY
MDG,BONGOLAVA
MDG,HAUTE MATSIATRA
MDG,AMORON'I MANIA
MDG,VATOVAVY FITOVINANY
MDG,IHOROMBE
MDG,ATSIMO ATSINANANA
MDG,ATSINANANA
MDG,ANALANJIROFO
MDG,ALAOTRA MANGORO
MDG,BOENY
MDG,SOFIA
MDG,BETSIBOKA
MDG,MELAKY
MDG,ATSIMO ANDREFANA
MDG,ANDROY
MDG,ANOSY
MDG,MENABE
MDG,DIANA
MDG,SAVA
MDG,ANALAMANGA urban
MDG,VAKINANKARATRA urban
MDG,ITASY urban
MDG,BONGOLAVA urban
MDG,HAUTE MATSIATRA urban
MDG,AMORON'I MANIA urban
MDG,VATOVAVY FITOVINANY urban
MDG,IHOROMBE urban
MDG,ATSIMO ATSINANANA urban
MDG,ATSINANANA urban
MDG,ANALANJIROFO urban
MDG,ALAOTRA MANGORO urban
MDG,BOENY urban
MDG,SOFIA urban
MDG,BETSIBOKA urban
MDG,MELAKY urban
MDG,ATSIMO ANDREFANA urban
MDG,ANDROY urban
MDG,ANOSY urban
MDG,MENABE urban
MDG,DIANA urban
MDG,SAVA urban
MDG,ANALAMANGA rural
MDG,VAKINANKARATRA rural
MDG,ITASY rural
MDG,BONGOLAVA rural
MDG,HAUTE MATSIATRA rural
MDG,AMORON'I MANIA rural
MDG,VATOVAVY FITOVINANY rural
MDG,IHOROMBE rural
MDG,ATSIMO ATSINANANA rural
MDG,ATSINANANA rural
MDG,ANALANJIROFO rural
MDG,ALAOTRA MANGORO rural
MDG,BOENY rural
MDG,SOFIA rural
MDG,BETSIBOKA rural
MDG,MELAKY rural
MDG,ATSIMO ANDREFANA rural
MDG,ANDROY rural
MDG,ANOSY rural
MDG,MENABE rural
MDG,DIANA rural
MDG,SAVA rural
MRT,Hodh charghy
MRT,Hodh Gharby
MRT,Assaba
MRT,Gorgol
MRT,Brakna
MRT,Trarza
MRT,Adrar
MRT,Dakhlett Nouadibou
MRT,Tagant
MRT,Guidimagha
MRT,Tirs-ezemour
MRT,Inchiri
MRT,Nouakchott
MRT,Hodh charghy urban
MRT,Hodh Gharby urban
MRT,Assaba urban
MRT,Gorgol urban
MRT,Brakna urban
MRT,Trarza urban
MRT,Adrar urban
MRT,Dakhlett Nouadibou urban
MRT,Tagant urban
MRT,Guidimagha urban
MRT,Tirs-ezemour urban
MRT,Inchiri urban
MRT,Nouakchott urban
MRT,Hodh charghy rural
MRT,Hodh Gharby rural
MRT,Assaba rural
MRT,Gorgol rural
MRT,Brakna rural
MRT,Trarza rural
MRT,Adrar rural
MRT,Dakhlett Nouadibou rural
MRT,Tagant rural
MRT,Guidimagha rural
MRT,Tirs-ezemour rural
MRT,Inchiri rural
MEX,Noroeste
MEX,Noreste
MEX,Centro
MEX,DF-Edo México
MEX,Sur
MEX,Noroeste urban
MEX,Noreste urban
MEX,Centro urban
MEX,DF-Edo México urban
MEX,Sur urban
MEX,Noroeste rural
MEX,Noreste rural
MEX,Centro rural
MEX,DF-Edo México rural
MEX,Sur rural
MDA,North
MDA,Center
MDA,South
MDA,Chisinau
MDA,North urban
MDA,Center urban
MDA,South urban
MDA,Chisinau urban
MDA,North rural
MDA,Center rural
MDA,South rural
MDA,Chisinau rural
MNG,""
MNG,Bayan-Ulgii province
MNG,Bayankhongor province
MNG,Govi-Altai province
MNG,Zavkhan province
MNG,Umnugovi province
MNG,Khuvsgul province
MNG,Bayanzurkh district
MNG,Nalaikh district
MNG, urban
MNG,Bayan-Ulgii province urban
MNG,Bayankhongor province urban
MNG,Govi-Altai province urban
MNG,Zavkhan province urban
MNG,Umnugovi province urban
MNG,Khuvsgul province urban
MNG,Bayanzurkh district urban
MNG,Nalaikh district urban
MNG, rural
MNG,Bayan-Ulgii province rural
MNG,Bayankhongor province rural
MNG,Govi-Altai province rural
MNG,Zavkhan province rural
MNG,Umnugovi province rural
MNG,Khuvsgul province rural
MNE,North
MNE,Centre
MNE,South
MNE,North urban
MNE,Centre urban
MNE,South urban
MNE,North rural
MNE,Centre rural
MNE,South rural
MKD,Vardar
MKD,East
MKD,Southwest
MKD,Southeast
MKD,Pelagonia
MKD,Polog
MKD,Northeast
MKD,Skopje
MKD,Vardar urban
MKD,East urban
MKD,Southwest urban
MKD,Southeast urban
MKD,Pelagonia urban
MKD,Polog urban
MKD,Northeast urban
MKD,Skopje urban
MKD,Vardar rural
MKD,East rural
MKD,Southwest rural
MKD,Southeast rural
MKD,Pelagonia rural
MKD,Polog rural
MKD,Northeast rural
MKD,Skopje rural
PAN,Bocas del Toro
PAN,Coclé
PAN,Colón
PAN,Chiriquí
PAN,Darien
PAN,Herrera
PAN,Los Santos
PAN,Panamá
PAN,Veraguas
PAN,Kuna Yala
PAN,Emberá Wounaan
PAN,Ngöbe Buglé
PAN,Bocas del Toro urban
PAN,Coclé urban
PAN,Colón urban
PAN,Chiriquí urban
PAN,Darien urban
PAN,Herrera urban
PAN,Los Santos urban
PAN,Panamá urban
PAN,Veraguas urban
PAN,Bocas del Toro rural
PAN,Coclé rural
PAN,Colón rural
PAN,Chiriquí rural
PAN,Darien rural
PAN,Herrera rural
PAN,Los Santos rural
PAN,Panamá rural
PAN,Veraguas rural
PAN,Kuna Yala rural
PAN,Emberá Wounaan rural
PAN,Ngöbe Buglé rural
PRY,Asunción
PRY,San Pedro
PRY,Central
PRY,Caaguazú
PRY,Alto Paraguay
PRY,Boquerón
PRY,Alto Paraná
PRY,Itapúa
PRY,Resto
PRY,Asunción urban
PRY,San Pedro urban
PRY,Central urban
PRY,Caaguazú urban
PRY,Alto Paraguay urban
PRY,Boquerón urban
PRY,Alto Paraná urban
PRY,Itapúa urban
PRY,Resto urban
PRY,San Pedro rural
PRY,Central rural
PRY,Caaguazú rural
PRY,Alto Paraguay rural
PRY,Boquerón rural
PRY,Alto Paraná rural
PRY,Itapúa rural
PRY,Resto rural
SRB,Belgrade
SRB,Vojvodina
SRB,Sumadija and West Serbia
SRB,South and East Serbia
SRB,Belgrade urban
SRB,Vojvodina urban
SRB,Sumadija and West Serbia urban
SRB,South and East Serbia urban
SRB,Belgrade rural
SRB,Vojvodina rural
SRB,Sumadija and West Serbia rural
SRB,South and East Serbia rural
SOM,North West
SOM,North East
SOM,Central South
SOM,North West urban
SOM,North East urban
SOM,Central South urban
SOM,North West rural
SOM,North East rural
SOM,Central South rural
SSD,Upper Nile
SSD,Jonglei
SSD,Unity
SSD,Warap
SSD,Northern Bahr El Ghazal
SSD,Western Bahr El Ghazal
SSD,Lakes
SSD,Western Equatoria
SSD,Central Equatoria
SSD,Eastern Equatoria
SSD,Upper Nile urban
SSD,Jonglei urban
SSD,Unity urban
SSD,Warap urban
SSD,Northern Bahr El Ghazal urban
SSD,Western Bahr El Ghazal urban
SSD,Lakes urban
SSD,Western Equatoria urban
SSD,Central Equatoria urban
SSD,Eastern Equatoria urban
SSD,Upper Nile rural
SSD,Jonglei rural
SSD,Unity rural
SSD,Warap rural
SSD,Northern Bahr El Ghazal rural
SSD,Western Bahr El Ghazal rural
SSD,Lakes rural
SSD,Western Equatoria rural
SSD,Central Equatoria rural
SSD,Eastern Equatoria rural
PSE,Jenin
PSE,Tubas
PSE,Tulkarm
PSE,Nablus
PSE,Qalqiliya
PSE,Salfit
PSE,Ramallah & Al-Bireh
PSE,Jericho and Al Aghwar
PSE,Jerusalem
PSE,Bethlehem
PSE,Hebron
PSE,North Gaza
PSE,Gaza
PSE,Deir El-Balah
PSE,Khan Yunis
PSE,Rafah
PSE,Jenin urban
PSE,Tubas urban
PSE,Tulkarm urban
PSE,Nablus urban
PSE,Qalqiliya urban
PSE,Salfit urban
PSE,Ramallah & Al-Bireh urban
PSE,Jericho and Al Aghwar urban
PSE,Jerusalem urban
PSE,Bethlehem urban
PSE,Hebron urban
PSE,North Gaza urban
PSE,Gaza urban
PSE,Deir El-Balah urban
PSE,Khan Yunis urban
PSE,Rafah urban
PSE,Jenin rural
PSE,Tubas rural
PSE,Tulkarm rural
PSE,Nablus rural
PSE,Qalqiliya rural
PSE,Salfit rural
PSE,Ramallah & Al-Bireh rural
PSE,Jericho and Al Aghwar rural
PSE,Jerusalem rural
PSE,Bethlehem rural
PSE,Hebron rural
PSE,Gaza rural
PSE,Deir El-Balah rural
PSE,Khan Yunis rural
PSE,North Gaza rural
PSE,Rafah rural
SDN,Northern
SDN,River Nile
SDN,Red Sea
SDN,Kassala
SDN,Gadarif
SDN,Khartoum
SDN,Gezira
SDN,White Nile
SDN,Sinnar
SDN,Blue Nile
SDN,North Kordofan
SDN,South Kordofan
SDN,West Kordofan
SDN,North Darfor
SDN,West Darfor
SDN,South Darfor
SDN,Central Darfor
SDN,East Darfor
SDN,Northern urban
SDN,River Nile urban
SDN,Red Sea urban
SDN,Kassala urban
SDN,Gadarif urban
SDN,Khartoum urban
SDN,Gezira urban
SDN,White Nile urban
SDN,Sinnar urban
SDN,Blue Nile urban
SDN,North Kordofan urban
SDN,South Kordofan urban
SDN,West Kordofan urban
SDN,North Darfor urban
SDN,West Darfor urban
SDN,South Darfor urban
SDN,Central Darfor urban
SDN,East Darfor urban
SDN,Northern rural
SDN,River Nile rural
SDN,Red Sea rural
SDN,Kassala rural
SDN,Gadarif rural
SDN,Khartoum rural
SDN,Gezira rural
SDN,White Nile rural
SDN,Sinnar rural
SDN,Blue Nile rural
SDN,North Kordofan rural
SDN,South Kordofan rural
SDN,West Kordofan rural
SDN,North Darfor rural
SDN,West Darfor rural
SDN,South Darfor rural
SDN,Central Darfor rural
SDN,East Darfor rural
SUR,PARAMARIBO
SUR,WANICA
SUR,NICKERIE
SUR,CORONIE
SUR,SARAMACCA
SUR,COMMEWIJNE
SUR,MAROWIJNE
SUR,PARA
SUR,BROKOPONDO
SUR,SIPALIWINI
SUR,PARAMARIBO urban
SUR,WANICA urban
SUR,NICKERIE urban
SUR,COMMEWIJNE urban
SUR,NICKERIE rural
SUR,CORONIE rural
SUR,SARAMACCA rural
SUR,COMMEWIJNE rural
SUR,MAROWIJNE rural
SUR,PARA rural
SUR,BROKOPONDO rural
SUR,SIPALIWINI rural
SYR,Damascus
SYR,Aleppo
SYR,Rural-Dam
SYR,Homs
SYR,Hama
SYR,Lattakia
SYR,Idleb
SYR,Hassake
SYR,Deir Ezzor
SYR,Tartous
SYR,Raqqa
SYR,Daraa
SYR,Sweida
SYR,Quneitra
SYR,Damascus urban
SYR,Aleppo urban
SYR,Rural-Dam urban
SYR,Homs urban
SYR,Hama urban
SYR,Lattakia urban
SYR,Idleb urban
SYR,Hassake urban
SYR,Deir Ezzor urban
SYR,Tartous urban
SYR,Raqqa urban
SYR,Daraa urban
SYR,Sweida urban
SYR,Aleppo rural
SYR,Rural-Dam rural
SYR,Homs rural
SYR,Hama rural
SYR,Lattakia rural
SYR,Idleb rural
SYR,Hassake rural
SYR,Deir Ezzor rural
SYR,Tartous rural
SYR,Raqqa rural
SYR,Daraa rural
SYR,Sweida rural
SYR,Quneitra rural
THA,Bangkok
THA,Central
THA,North
THA,Northeast
THA,South
THA,Bangkok urban
THA,Central urban
THA,North urban
THA,Northeast urban
THA,South urban
THA,Central rural
THA,North rural
THA,Northeast rural
THA,South rural
TTO,North West
TTO,East
TTO,Central
TTO,South West
TTO,Tobago
TTO,North West urban
TTO,Central urban
TTO,South West urban
TTO,Tobago urban
TTO,North West rural
TTO,East rural
TTO,Central rural
TTO,South West rural
TTO,Tobago rural
TUN,DISTRICT TUNIS
TUN,NORD EST
TUN,NORD OUEST
TUN,CENTRE EST
TUN,CENTRE OUEST
TUN,SUD EST
TUN,SUD OUEST
TUN,DISTRICT TUNIS urban
TUN,NORD EST urban
TUN,NORD OUEST urban
TUN,CENTRE EST urban
TUN,CENTRE OUEST urban
TUN,SUD EST urban
TUN,SUD OUEST urban
TUN,DISTRICT TUNIS rural
TUN,NORD EST rural
TUN,NORD OUEST rural
TUN,CENTRE EST rural
TUN,CENTRE OUEST rural
TUN,SUD EST rural
TUN,SUD OUEST rural
TKM,Ashgabat city
TKM,Ahal velayat
TKM,Balkan velayat
TKM,Dashoguz velayat
TKM,Lebap velayat
TKM,Mary velayat
TKM,Ashgabat city urban
TKM,Ahal velayat urban
TKM,Balkan velayat urban
TKM,Dashoguz velayat urban
TKM,Lebap velayat urban
TKM,Mary velayat urban
TKM,Ahal velayat rural
TKM,Balkan velayat rural
TKM,Dashoguz velayat rural
TKM,Lebap velayat rural
TKM,Mary velayat rural
UKR,North
UKR,West
UKR,Center
UKR,East
UKR,South
UKR,North urban
UKR,West urban
UKR,Center urban
UKR,East urban
UKR,South urban
UKR,North rural
UKR,West rural
UKR,Center rural
UKR,East rural
UKR,South rural
URY,Montevideo y Área Metropolitana
URY,Más de 5 mil habitantes
URY,Rurales y menores de 5 mil habitantes
URY,Montevideo y Área Metropolitana urban
URY,Más de 5 mil habitantes urban
URY,Rurales y menores de 5 mil habitantes rural
UZB,Western
UZB,Central
UZB,Southern
UZB,Central East
UZB,East
UZB,Tashkent
UZB,Western urban
UZB,Central urban
UZB,Southern urban
UZB,Central East urban
UZB,East urban
UZB,Tashkent urban
UZB,Western rural
UZB,Central rural
UZB,Southern rural
UZB,Central East rural
UZB,East rural
VUT,Tafea
VUT,Shefa
VUT,Malampa
VUT,Penama
VUT,Sanma
VUT,Torba
VUT,Port Vila
VUT,Luganville
VUT,Port Vila urban
VUT,Luganville urban
VUT,Tafea rural
VUT,Shefa rural
VUT,Malampa rural
VUT,Penama rural
VUT,Sanma rural
VUT,Torba rural
VNM,Red River Delta
VNM,Northern Midlands and Mountain area
VNM,North Central and Central Coastal area
VNM,Central Highlands
VNM,South East
VNM,Mekong River Delta
VNM,Red River Delta urban
VNM,Northern Midlands and Mountain area urban
VNM,North Central and Central Coastal area urban
VNM,Central Highlands urban
VNM,South East urban
VNM,Mekong River Delta urban
VNM,Red River Delta rural
VNM,Northern Midlands and Mountain area rural
VNM,North Central and Central Coastal area rural
VNM,Central Highlands rural
VNM,South East rural
VNM,Mekong River Delta rural
